<Data>
	<Teams>
		<Team id='Mumbai' no = '1'>
			<Name>Mumbai</Name>
			<TeamColor>Light Blue</TeamColor>
			<Players>
				<Player player_Id = '1'>
					<FirstName>Ronit</FirstName>
					<LastName>Sharman</LastName>
					<Hand>Right</Hand>
					<Type>Batsman</Type>
					<BowlingType>slow</BowlingType>
					<VariationType>Off</VariationType>
					<Captian>1</Captian>
					<Color>Fair</Color>
				</Player>
				<Player player_Id = '2'>
					<FirstName>Amvati</FirstName>
					<LastName>Reydu</LastName>
					<Hand>Right</Hand>
					<Type>Batsman</Type>
					<BowlingType>slow</BowlingType>
					<VariationType>Off</VariationType>
					<Captian>0</Captian>
					<Color>Fair</Color>
				</Player>
				<Player player_Id = '3'>
					<FirstName>CJ</FirstName>
					<LastName>Anterzon</LastName>
					<Hand>Left</Hand>
					<Type>Batsman</Type>
					<BowlingType>medium</BowlingType>
					<VariationType>leg</VariationType>
					<Captian>0</Captian>
					<Color>Fair</Color>
				</Player>
				<Player player_Id = '4'>
					<FirstName>Mite</FirstName>
					<LastName>Husney</LastName>
					<Hand>Left</Hand>
					<Type>Batsman</Type>
					<BowlingType>medium</BowlingType>
					<VariationType>Off</VariationType>
					<Captian>0</Captian>
					<Color>Fair</Color>
				</Player>
				<Player player_Id = '5'>
					<FirstName>Karon</FirstName>
					<LastName>Pullhard</LastName>
					<Hand>Right</Hand>
					<Type>Batsman</Type>
					<BowlingType>medium</BowlingType>
					<VariationType>Off</VariationType>
					<Captian>0</Captian>
					<Color>Fair</Color>
				</Player>
				<Player player_Id = '6'>
					<FirstName>Advitya</FirstName>
					<LastName>Zare</LastName>
					<Hand>Right</Hand>
					<Type>WicketKeeper</Type>
					<BowlingType/>
					<VariationType/>
					<Captian>0</Captian>
					<Color>Fair</Color>
				</Player>
				<Player player_Id = '7'>
					<FirstName>Gurbhajan</FirstName>
					<LastName>Sing</LastName>
					<Hand>Right</Hand>
					<Type>Bowler</Type>
					<BowlingType>slow</BowlingType>
					<VariationType>Off</VariationType>
					<Captian>0</Captian>
					<Color>Fair</Color>
				</Player>
				<Player player_Id = '8'>
					<FirstName>Parigan</FirstName>
					<LastName>Ojhla</LastName>
					<Hand>Left</Hand>
					<Type>Bowler</Type>
					<BowlingType>slow</BowlingType>
					<VariationType>leg</VariationType>
					<Captian>0</Captian>
					<Color>Fair</Color>
				</Player>
				<Player player_Id = '9'>
					<FirstName>Saheer</FirstName>
					<LastName>Khan</LastName>
					<Hand>Left</Hand>
					<Type>Bowler</Type>
					<BowlingType>fast</BowlingType>
					<VariationType>leg</VariationType>
					<Captian>0</Captian>
					<Color>Fair</Color>
				</Player>
				<Player player_Id = '10'>
					<FirstName>Lattis</FirstName>
					<LastName>Malenga</LastName>
					<Hand>Right</Hand>
					<Type>Bowler</Type>
					<BowlingType>fast</BowlingType>
					<VariationType>Off</VariationType>
					<Captian>0</Captian>
					<Color>Fair</Color>
				</Player>
				<Player player_Id = '11'>
					<FirstName>Krishnmar</FirstName>
					<LastName>Santoktie</LastName>
					<Hand>Left</Hand>
					<Type>Bowler</Type>
					<BowlingType>medium</BowlingType>
					<VariationType>Off</VariationType>
					<Captian>0</Captian>
					<Color>Fair</Color>
				</Player>
			</Players>
		</Team>
		<Team id='Bangalore' no = '2'>
			<Name>Bangalore</Name>
			<TeamColor>Royal Blue</TeamColor>
			<Players>
				<Player player_Id='1'>
					<FirstName>Virad</FirstName>
					<LastName>Mohli</LastName>
					<Hand>Right</Hand>
					<Type>Batsman</Type>
					<BowlingType>medium</BowlingType>
					<VariationType>Off</VariationType>
					<Captian>1</Captian>
					<Color>Dark</Color>
				</Player>
				<Player player_Id='2'>
					<FirstName>Huvraj</FirstName>
					<LastName>Singh</LastName>
					<Hand>Left</Hand>
					<Type>Batsman</Type>
					<BowlingType>slow</BowlingType>
					<VariationType>Off</VariationType>
					<Captian>0</Captian>
					<Color>Dark</Color>
				</Player>
				<Player player_Id='3'>
					<FirstName>Tris</FirstName>
					<LastName>Sayle</LastName>
					<Hand>Left</Hand>
					<Type>Batsman</Type>
					<BowlingType>medium</BowlingType>
					<VariationType>Off</VariationType>
					<Captian>0</Captian>
					<Color>Dark</Color>
				</Player>
				<Player player_Id='4'>
					<FirstName>Nijay</FirstName>
					<LastName>Mol</LastName>
					<Hand>Left</Hand>
					<Type>Batsman</Type>
					<BowlingType>slow</BowlingType>
					<VariationType>Off</VariationType>
					<Captian>0</Captian>
					<Color>Dark</Color>
				</Player>
				<Player player_Id='5'>
					<FirstName>Alblie</FirstName>
					<LastName>Mornel</LastName>
					<Hand>Left</Hand>
					<Type>Batsman</Type>
					<BowlingType>fast</BowlingType>
					<VariationType>leg</VariationType>
					<Captian>0</Captian>
					<Color>Fair</Color>
				</Player>
				<Player player_Id='6'>
					<FirstName>Prathin</FirstName>
					<LastName>Patil</LastName>
					<Hand>Left</Hand>
					<Type>WicketKeeper</Type>
					<BowlingType/>
					<VariationType/>
					<Captian>0</Captian>
					<Color>Dark</Color>
				</Player>
				<Player player_Id='7'>
					<FirstName>Varoon</FirstName>
					<LastName>Amaron</LastName>
					<Hand>Right</Hand>
					<Type>Bowler</Type>
					<BowlingType>fast</BowlingType>
					<VariationType>Off</VariationType>
					<Captian>0</Captian>
					<Color>Dark</Color>
				</Player>
				<Player player_Id='8'>
					<FirstName>Ashook</FirstName>
					<LastName>Dinta</LastName>
					<Hand>Right</Hand>
					<Type>Bowler</Type>
					<BowlingType>fast</BowlingType>
					<VariationType>Off</VariationType>
					<Captian>0</Captian>
					<Color>Dark</Color>
				</Player>
				<Player player_Id='9'>
					<FirstName>Aavu</FirstName>
					<LastName>Ahzed</LastName>
					<Hand>Right</Hand>
					<Type>Bowler</Type>
					<BowlingType>fast</BowlingType>
					<VariationType>Off</VariationType>
					<Captian>0</Captian>
					<Color>Dark</Color>
				</Player>
				<Player player_Id='10'>
					<FirstName>Mitsell</FirstName>
					<LastName>Starch</LastName>
					<Hand>Left</Hand>
					<Type>Bowler</Type>
					<BowlingType>fast</BowlingType>
					<VariationType>Off</VariationType>
					<Captian>0</Captian>
					<Color>Fair</Color>
				</Player>
				<Player player_Id='11'>
					<FirstName>Rabbi</FirstName>
					<LastName>Rempul</LastName>
					<Hand>Left</Hand>
					<Type>Bowler</Type>
					<BowlingType>fast</BowlingType>
					<VariationType>leg</VariationType>
					<Captian>0</Captian>
					<Color>Dark</Color>
				</Player>
			</Players>
		</Team>
		<Team id='Chennai' no = '3' >
			<Name>Chennai</Name>
			<TeamColor>Light Blue</TeamColor>
			<Players>
				<Player player_Id='1'>
					<FirstName>Saurish</FirstName>
					<LastName>Raynae</LastName>
					<Hand>Left</Hand>
					<Type>Batsman</Type>
					<BowlingType>medium</BowlingType>
					<VariationType>Off</VariationType>
					<Captian>0</Captian>
					<Color>Dark</Color>
				</Player>
				<Player player_Id='2'>
					<FirstName>Robindra</FirstName>
					<LastName>Joteja</LastName>
					<Hand>Left</Hand>
					<Type>Batsman</Type>
					<BowlingType>slow</BowlingType>
					<VariationType>leg</VariationType>
					<Captian>0</Captian>
					<Color>Dark</Color>
				</Player>
				<Player player_Id='3'>
					<FirstName>Dawayne</FirstName>
					<LastName>Bravia</LastName>
					<Hand>Right</Hand>
					<Type>Batsman</Type>
					<BowlingType>fast</BowlingType>
					<VariationType>Off</VariationType>
					<Captian>0</Captian>
					<Color>Dark</Color>
				</Player>
				<Player player_Id='4'>
					<FirstName>BB</FirstName>
					<LastName>McMullum</LastName>
					<Hand>Right</Hand>
					<Type>Batsman</Type>
					<BowlingType>medium</BowlingType>
					<VariationType>Off</VariationType>
					<Captian>0</Captian>
					<Color>Fair</Color>
				</Player>
				<Player player_Id='5'>
					<FirstName>Dawayne</FirstName>
					<LastName>Smitch</LastName>
					<Hand>Right</Hand>
					<Type>Batsman</Type>
					<BowlingType>medium</BowlingType>
					<VariationType>Off</VariationType>
					<Captian>0</Captian>
					<Color>Dark</Color>
				</Player>
				<Player player_Id='6'>
					<FirstName>MS</FirstName>
					<LastName>Downie</LastName>
					<Hand>Right</Hand>
					<Type>WicketKeeper</Type>
					<BowlingType>medium</BowlingType>
					<VariationType/>
					<Captian>1</Captian>
					<Color>Dark</Color>
				</Player>
				<Player player_Id='7'>
					<FirstName>Dawayne</FirstName>
					<LastName>Bravio</LastName>
					<Hand>Right</Hand>
					<Type>Bowler</Type>
					<BowlingType>fast</BowlingType>
					<VariationType>Off</VariationType>
					<Captian>0</Captian>
					<Color>Dark</Color>
				</Player>
				<Player player_Id='8'>
					<FirstName>Asish</FirstName>
					<LastName>Nahre</LastName>
					<Hand>Right</Hand>
					<Type>Bowler</Type>
					<BowlingType>medium</BowlingType>
					<VariationType>leg</VariationType>
					<Captian>0</Captian>
					<Color>Fair</Color>
				</Player>
				<Player player_Id='9'>
					<FirstName>Eshwar</FirstName>
					<LastName>Penday</LastName>
					<Hand>Right</Hand>
					<Type>Bowler</Type>
					<BowlingType>medium</BowlingType>
					<VariationType>leg</VariationType>
					<Captian>0</Captian>
					<Color>Dark</Color>
				</Player>
				<Player player_Id='10'>
					<FirstName>Raavichandra</FirstName>
					<LastName>Aaswin</LastName>
					<Hand>Right</Hand>
					<Type>Bowler</Type>
					<BowlingType>slow</BowlingType>
					<VariationType>Off</VariationType>
					<Captian>0</Captian>
					<Color>Dark</Color>
				</Player>
				<Player player_Id='11'>
					<FirstName>Samool</FirstName>
					<LastName>Batree</LastName>
					<Hand>Right</Hand>
					<Type>Bowler</Type>
					<BowlingType>fast</BowlingType>
					<VariationType>leg</VariationType>
					<Captian>0</Captian>
					<Color>Dark</Color>
				</Player>
			</Players>
		</Team>
		<Team id='Hyderabad' no = '4'>
			<Name>Hyderabad</Name>
			<TeamColor>Orange</TeamColor>
			<Players>
				<Player player_Id='1'>
					<FirstName>Snikkar</FirstName>
					<LastName>Dhawan</LastName>
					<Hand>Left</Hand>
					<Type>Batsman</Type>
					<BowlingType>medium</BowlingType>
					<VariationType>Off</VariationType>
					<Captian>1</Captian>
					<Color>Dark</Color>
				</Player>
				<Player player_Id='2'>
					<FirstName>Tarren</FirstName>
					<LastName>Shammy</LastName>
					<Hand>Right</Hand>
					<Type>Batsman</Type>
					<BowlingType>fast</BowlingType>
					<VariationType>Off</VariationType>
					<Captian>0</Captian>
					<Color>Dark</Color>
				</Player>
				<Player player_Id='3'>
					<FirstName>Davit</FirstName>
					<LastName>Warmer</LastName>
					<Hand>Left</Hand>
					<Type>Batsman</Type>
					<BowlingType>fast</BowlingType>
					<VariationType>leg</VariationType>
					<Captian>0</Captian>
					<Color>Fair</Color>
				</Player>
				<Player player_Id='4'>
					<FirstName>Karon</FirstName>
					<LastName>Sinch</LastName>
					<Hand>Right</Hand>
					<Type>Batsman</Type>
					<BowlingType>medium</BowlingType>
					<VariationType>Off</VariationType>
					<Captian>0</Captian>
					<Color>Fair</Color>
				</Player>
				<Player player_Id='5'>
					<FirstName>Srinanth</FirstName>
					<LastName>Amirudh</LastName>
					<Hand>Right</Hand>
					<Type>Batsman</Type>
					<BowlingType/>
					<VariationType/>
					<Captian>0</Captian>
					<Color>Dark</Color>
				</Player>
				<Player player_Id='6'>
					<FirstName>KLP</FirstName>
					<LastName>Sahul</LastName>
					<Hand>Right</Hand>
					<Type>WicketKeeper</Type>
					<BowlingType/>
					<VariationType/>
					<Captian>0</Captian>
					<Color>Dark</Color>
				</Player>
				<Player player_Id='7'>
					<FirstName>Echant</FirstName>
					<LastName>Sarman</LastName>
					<Hand>Right</Hand>
					<Type>Bowler</Type>
					<BowlingType>fast</BowlingType>
					<VariationType>Off</VariationType>
					<Captian>0</Captian>
					<Color>Dark</Color>
				</Player>
				<Player player_Id='8'>
					<FirstName>Amrit</FirstName>
					<LastName>Sishra</LastName>
					<Hand>Right</Hand>
					<Type>Bowler</Type>
					<BowlingType>fast</BowlingType>
					<VariationType>Off</VariationType>
					<Captian>0</Captian>
					<Color>Dark</Color>
				</Player>
				<Player player_Id='9'>
					<FirstName>Bhruvneshwra</FirstName>
					<LastName>Rumar</LastName>
					<Hand>Right</Hand>
					<Type>Bowler</Type>
					<BowlingType>medium</BowlingType>
					<VariationType>leg</VariationType>
					<Captian>0</Captian>
					<Color>Dark</Color>
				</Player>
				<Player player_Id='10'>
					<FirstName>Izran</FirstName>
					<LastName>Prathan</LastName>
					<Hand>Left</Hand>
					<Type>Bowler</Type>
					<BowlingType>fast</BowlingType>
					<VariationType>Off</VariationType>
					<Captian>0</Captian>
					<Color>Dark</Color>
				</Player>
				<Player player_Id='11'>
					<FirstName>Dwale</FirstName>
					<LastName>Stefen</LastName>
					<Hand>Right</Hand>
					<Type>Bowler</Type>
					<BowlingType>fast</BowlingType>
					<VariationType>leg</VariationType>
					<Captian>0</Captian>
					<Color>Fair</Color>
				</Player>
			</Players>
		</Team>
		 <Team id='Delhi' no = '5'>
			<Name>Delhi</Name>
			<TeamColor>Light Blue</TeamColor>
			<Players>
				<Player player_Id = '1'>
					<FirstName>Ronit</FirstName>
					<LastName>Sharman</LastName>
					<Hand>Right</Hand>
					<Type>Batsman</Type>
					<BowlingType>slow</BowlingType>
					<VariationType>Off</VariationType>
					<Captian>1</Captian>
					<Color>Fair</Color>
				</Player>
				<Player player_Id = '2'>
					<FirstName>Amvati</FirstName>
					<LastName>Reydu</LastName>
					<Hand>Right</Hand>
					<Type>Batsman</Type>
					<BowlingType>slow</BowlingType>
					<VariationType>Off</VariationType>
					<Captian>0</Captian>
					<Color>Fair</Color>
				</Player>
				<Player player_Id = '3'>
					<FirstName>CJ</FirstName>
					<LastName>Anterzon</LastName>
					<Hand>Left</Hand>
					<Type>Batsman</Type>
					<BowlingType>medium</BowlingType>
					<VariationType>leg</VariationType>
					<Captian>0</Captian>
					<Color>Fair</Color>
				</Player>
				<Player player_Id = '4'>
					<FirstName>Mite</FirstName>
					<LastName>Husney</LastName>
					<Hand>Left</Hand>
					<Type>Batsman</Type>
					<BowlingType>medium</BowlingType>
					<VariationType>Off</VariationType>
					<Captian>0</Captian>
					<Color>Fair</Color>
				</Player>
				<Player player_Id = '5'>
					<FirstName>Karon</FirstName>
					<LastName>Pullhard</LastName>
					<Hand>Right</Hand>
					<Type>Batsman</Type>
					<BowlingType>medium</BowlingType>
					<VariationType>Off</VariationType>
					<Captian>0</Captian>
					<Color>Fair</Color>
				</Player>
				<Player player_Id = '6'>
					<FirstName>Advitya</FirstName>
					<LastName>Zare</LastName>
					<Hand>Right</Hand>
					<Type>WicketKeeper</Type>
					<BowlingType/>
					<VariationType/>
					<Captian>0</Captian>
					<Color>Fair</Color>
				</Player>
				<Player player_Id = '7'>
					<FirstName>Gurbhajan</FirstName>
					<LastName>Sing</LastName>
					<Hand>Right</Hand>
					<Type>Bowler</Type>
					<BowlingType>slow</BowlingType>
					<VariationType>Off</VariationType>
					<Captian>0</Captian>
					<Color>Fair</Color>
				</Player>
				<Player player_Id = '8'>
					<FirstName>Parigan</FirstName>
					<LastName>Ojhla</LastName>
					<Hand>Left</Hand>
					<Type>Bowler</Type>
					<BowlingType>slow</BowlingType>
					<VariationType>leg</VariationType>
					<Captian>0</Captian>
					<Color>Fair</Color>
				</Player>
				<Player player_Id = '9'>
					<FirstName>Saheer</FirstName>
					<LastName>Khan</LastName>
					<Hand>Left</Hand>
					<Type>Bowler</Type>
					<BowlingType>fast</BowlingType>
					<VariationType>leg</VariationType>
					<Captian>0</Captian>
					<Color>Fair</Color>
				</Player>
				<Player player_Id = '10'>
					<FirstName>Lattis</FirstName>
					<LastName>Malenga</LastName>
					<Hand>Right</Hand>
					<Type>Bowler</Type>
					<BowlingType>fast</BowlingType>
					<VariationType>Off</VariationType>
					<Captian>0</Captian>
					<Color>Fair</Color>
				</Player>
				<Player player_Id = '11'>
					<FirstName>Krishnmar</FirstName>
					<LastName>Santoktie</LastName>
					<Hand>Left</Hand>
					<Type>Bowler</Type>
					<BowlingType>medium</BowlingType>
					<VariationType>Off</VariationType>
					<Captian>0</Captian>
					<Color>Fair</Color>
				</Player>
			</Players>
		</Team>
		<Team id='Kolkata' no = '6'>
			<Name>Kolkata</Name>
			<TeamColor>Royal Blue</TeamColor>
			<Players>
				<Player player_Id='1'>
					<FirstName>Virad</FirstName>
					<LastName>Mohli</LastName>
					<Hand>Right</Hand>
					<Type>Batsman</Type>
					<BowlingType>medium</BowlingType>
					<VariationType>Off</VariationType>
					<Captian>1</Captian>
					<Color>Dark</Color>
				</Player>
				<Player player_Id='2'>
					<FirstName>Huvraj</FirstName>
					<LastName>Singh</LastName>
					<Hand>Left</Hand>
					<Type>Batsman</Type>
					<BowlingType>slow</BowlingType>
					<VariationType>Off</VariationType>
					<Captian>0</Captian>
					<Color>Dark</Color>
				</Player>
				<Player player_Id='3'>
					<FirstName>Tris</FirstName>
					<LastName>Sayle</LastName>
					<Hand>Left</Hand>
					<Type>Batsman</Type>
					<BowlingType>medium</BowlingType>
					<VariationType>Off</VariationType>
					<Captian>0</Captian>
					<Color>Dark</Color>
				</Player>
				<Player player_Id='4'>
					<FirstName>Nijay</FirstName>
					<LastName>Mol</LastName>
					<Hand>Left</Hand>
					<Type>Batsman</Type>
					<BowlingType>slow</BowlingType>
					<VariationType>Off</VariationType>
					<Captian>0</Captian>
					<Color>Dark</Color>
				</Player>
				<Player player_Id='5'>
					<FirstName>Alblie</FirstName>
					<LastName>Mornel</LastName>
					<Hand>Left</Hand>
					<Type>Batsman</Type>
					<BowlingType>fast</BowlingType>
					<VariationType>leg</VariationType>
					<Captian>0</Captian>
					<Color>Fair</Color>
				</Player>
				<Player player_Id='6'>
					<FirstName>Prathin</FirstName>
					<LastName>Patil</LastName>
					<Hand>Left</Hand>
					<Type>WicketKeeper</Type>
					<BowlingType/>
					<VariationType/>
					<Captian>0</Captian>
					<Color>Dark</Color>
				</Player>
				<Player player_Id='7'>
					<FirstName>Varoon</FirstName>
					<LastName>Amaron</LastName>
					<Hand>Right</Hand>
					<Type>Bowler</Type>
					<BowlingType>fast</BowlingType>
					<VariationType>Off</VariationType>
					<Captian>0</Captian>
					<Color>Dark</Color>
				</Player>
				<Player player_Id='8'>
					<FirstName>Ashook</FirstName>
					<LastName>Dinta</LastName>
					<Hand>Right</Hand>
					<Type>Bowler</Type>
					<BowlingType>fast</BowlingType>
					<VariationType>Off</VariationType>
					<Captian>0</Captian>
					<Color>Dark</Color>
				</Player>
				<Player player_Id='9'>
					<FirstName>Aavu</FirstName>
					<LastName>Ahzed</LastName>
					<Hand>Right</Hand>
					<Type>Bowler</Type>
					<BowlingType>fast</BowlingType>
					<VariationType>Off</VariationType>
					<Captian>0</Captian>
					<Color>Dark</Color>
				</Player>
				<Player player_Id='10'>
					<FirstName>Mitsell</FirstName>
					<LastName>Starch</LastName>
					<Hand>Left</Hand>
					<Type>Bowler</Type>
					<BowlingType>fast</BowlingType>
					<VariationType>Off</VariationType>
					<Captian>0</Captian>
					<Color>Fair</Color>
				</Player>
				<Player player_Id='11'>
					<FirstName>Rabbi</FirstName>
					<LastName>Rempul</LastName>
					<Hand>Left</Hand>
					<Type>Bowler</Type>
					<BowlingType>fast</BowlingType>
					<VariationType>leg</VariationType>
					<Captian>0</Captian>
					<Color>Dark</Color>
				</Player>
			</Players>
		</Team>
		<Team id='Punjab' no = '7' >
			<Name>Punjab</Name>
			<TeamColor>Light Blue</TeamColor>
			<Players>
				<Player player_Id='1'>
					<FirstName>Saurish</FirstName>
					<LastName>Raynae</LastName>
					<Hand>Left</Hand>
					<Type>Batsman</Type>
					<BowlingType>medium</BowlingType>
					<VariationType>Off</VariationType>
					<Captian>0</Captian>
					<Color>Dark</Color>
				</Player>
				<Player player_Id='2'>
					<FirstName>Robindra</FirstName>
					<LastName>Joteja</LastName>
					<Hand>Left</Hand>
					<Type>Batsman</Type>
					<BowlingType>slow</BowlingType>
					<VariationType>leg</VariationType>
					<Captian>0</Captian>
					<Color>Dark</Color>
				</Player>
				<Player player_Id='3'>
					<FirstName>Dawayne</FirstName>
					<LastName>Bravia</LastName>
					<Hand>Right</Hand>
					<Type>Batsman</Type>
					<BowlingType>fast</BowlingType>
					<VariationType>Off</VariationType>
					<Captian>0</Captian>
					<Color>Dark</Color>
				</Player>
				<Player player_Id='4'>
					<FirstName>BB</FirstName>
					<LastName>McMullum</LastName>
					<Hand>Right</Hand>
					<Type>Batsman</Type>
					<BowlingType>medium</BowlingType>
					<VariationType>Off</VariationType>
					<Captian>0</Captian>
					<Color>Fair</Color>
				</Player>
				<Player player_Id='5'>
					<FirstName>Dawayne</FirstName>
					<LastName>Smitch</LastName>
					<Hand>Right</Hand>
					<Type>Batsman</Type>
					<BowlingType>medium</BowlingType>
					<VariationType>Off</VariationType>
					<Captian>0</Captian>
					<Color>Dark</Color>
				</Player>
				<Player player_Id='6'>
					<FirstName>MS</FirstName>
					<LastName>Downie</LastName>
					<Hand>Right</Hand>
					<Type>WicketKeeper</Type>
					<BowlingType>medium</BowlingType>
					<VariationType/>
					<Captian>1</Captian>
					<Color>Dark</Color>
				</Player>
				<Player player_Id='7'>
					<FirstName>Dawayne</FirstName>
					<LastName>Bravio</LastName>
					<Hand>Right</Hand>
					<Type>Bowler</Type>
					<BowlingType>fast</BowlingType>
					<VariationType>Off</VariationType>
					<Captian>0</Captian>
					<Color>Dark</Color>
				</Player>
				<Player player_Id='8'>
					<FirstName>Asish</FirstName>
					<LastName>Nahre</LastName>
					<Hand>Right</Hand>
					<Type>Bowler</Type>
					<BowlingType>medium</BowlingType>
					<VariationType>leg</VariationType>
					<Captian>0</Captian>
					<Color>Fair</Color>
				</Player>
				<Player player_Id='9'>
					<FirstName>Eshwar</FirstName>
					<LastName>Penday</LastName>
					<Hand>Right</Hand>
					<Type>Bowler</Type>
					<BowlingType>medium</BowlingType>
					<VariationType>leg</VariationType>
					<Captian>0</Captian>
					<Color>Dark</Color>
				</Player>
				<Player player_Id='10'>
					<FirstName>Raavichandra</FirstName>
					<LastName>Aaswin</LastName>
					<Hand>Right</Hand>
					<Type>Bowler</Type>
					<BowlingType>slow</BowlingType>
					<VariationType>Off</VariationType>
					<Captian>0</Captian>
					<Color>Dark</Color>
				</Player>
				<Player player_Id='11'>
					<FirstName>Samool</FirstName>
					<LastName>Batree</LastName>
					<Hand>Right</Hand>
					<Type>Bowler</Type>
					<BowlingType>fast</BowlingType>
					<VariationType>leg</VariationType>
					<Captian>0</Captian>
					<Color>Dark</Color>
				</Player>
			</Players>
		</Team>
		<Team id='Rajasthan' no = '8'>
			<Name>Rajasthan</Name>
			<TeamColor>Orange</TeamColor>
			<Players>
				<Player player_Id='1'>
					<FirstName>Snikkar</FirstName>
					<LastName>Dhawan</LastName>
					<Hand>Left</Hand>
					<Type>Batsman</Type>
					<BowlingType>medium</BowlingType>
					<VariationType>Off</VariationType>
					<Captian>1</Captian>
					<Color>Dark</Color>
				</Player>
				<Player player_Id='2'>
					<FirstName>Tarren</FirstName>
					<LastName>Shammy</LastName>
					<Hand>Right</Hand>
					<Type>Batsman</Type>
					<BowlingType>fast</BowlingType>
					<VariationType>Off</VariationType>
					<Captian>0</Captian>
					<Color>Dark</Color>
				</Player>
				<Player player_Id='3'>
					<FirstName>Davit</FirstName>
					<LastName>Warmer</LastName>
					<Hand>Left</Hand>
					<Type>Batsman</Type>
					<BowlingType>fast</BowlingType>
					<VariationType>leg</VariationType>
					<Captian>0</Captian>
					<Color>Fair</Color>
				</Player>
				<Player player_Id='4'>
					<FirstName>Karon</FirstName>
					<LastName>Sinch</LastName>
					<Hand>Right</Hand>
					<Type>Batsman</Type>
					<BowlingType>medium</BowlingType>
					<VariationType>Off</VariationType>
					<Captian>0</Captian>
					<Color>Fair</Color>
				</Player>
				<Player player_Id='5'>
					<FirstName>Srinanth</FirstName>
					<LastName>Amirudh</LastName>
					<Hand>Right</Hand>
					<Type>Batsman</Type>
					<BowlingType/>
					<VariationType/>
					<Captian>0</Captian>
					<Color>Dark</Color>
				</Player>
				<Player player_Id='6'>
					<FirstName>KLP</FirstName>
					<LastName>Sahul</LastName>
					<Hand>Right</Hand>
					<Type>WicketKeeper</Type>
					<BowlingType/>
					<VariationType/>
					<Captian>0</Captian>
					<Color>Dark</Color>
				</Player>
				<Player player_Id='7'>
					<FirstName>Echant</FirstName>
					<LastName>Sarman</LastName>
					<Hand>Right</Hand>
					<Type>Bowler</Type>
					<BowlingType>fast</BowlingType>
					<VariationType>Off</VariationType>
					<Captian>0</Captian>
					<Color>Dark</Color>
				</Player>
				<Player player_Id='8'>
					<FirstName>Amrit</FirstName>
					<LastName>Sishra</LastName>
					<Hand>Right</Hand>
					<Type>Bowler</Type>
					<BowlingType>fast</BowlingType>
					<VariationType>Off</VariationType>
					<Captian>0</Captian>
					<Color>Dark</Color>
				</Player>
				<Player player_Id='9'>
					<FirstName>Bhruvneshwra</FirstName>
					<LastName>Rumar</LastName>
					<Hand>Right</Hand>
					<Type>Bowler</Type>
					<BowlingType>medium</BowlingType>
					<VariationType>leg</VariationType>
					<Captian>0</Captian>
					<Color>Dark</Color>
				</Player>
				<Player player_Id='10'>
					<FirstName>Izran</FirstName>
					<LastName>Prathan</LastName>
					<Hand>Left</Hand>
					<Type>Bowler</Type>
					<BowlingType>fast</BowlingType>
					<VariationType>Off</VariationType>
					<Captian>0</Captian>
					<Color>Dark</Color>
				</Player>
				<Player player_Id='11'>
					<FirstName>Dwale</FirstName>
					<LastName>Stefen</LastName>
					<Hand>Right</Hand>
					<Type>Bowler</Type>
					<BowlingType>fast</BowlingType>
					<VariationType>leg</VariationType>
					<Captian>0</Captian>
					<Color>Fair</Color>
				</Player>
			</Players>
		</Team> 
	   
	</Teams>
</Data>
